{
  "economy": {
    "currencyName": "cash",
    "startingMoney": 0,
    "startingMoneytest": 100000000000000000000000000000000000000000000000000000000000000000000000000000000000000000000000000000000000000000000000000000000000,
    "sellPricePerOre": 1,
    "offlineEarningsDivisor": 3
  },
  "startingStorage": {
    "startingMineShaftStoredOre": 0,
    "startingElevatorStoredOre": 0,
    "startingWarehouseStoredOre": 0
  },
  "productionTimesSeconds": {
    "minerMiningCycleTime": 3.1,
    "elevatorRoundTripTime": 2,
    "warehouseSellCycleTime": 1.5,
    "notes": "Exact base cycle times are not publicly documented. Keep these as prototype timing values."
  },
  "mineShaft": {
    "totalMineShafts": 30,
    "startingLevel": 1,
    "maxLevelPerShaft": 800,
    "oreBufferCapacity": 600,
    "largeBoostLevels": [
      10,
      25,
      50,
      100,
      200,
      300,
      400,
      500,
      600,
      700,
      800
    ],
    "notes": "30-shaft version. Shafts are grouped into blocks of 5. After each block there is a timed/money blockade before the next block can be unlocked."
  },
  "mineShaftUnlock": {
    "baseUnlockCostShaft2": 2500000,
    "unlockCostMultiplierPerShaft": null,
    "unlockCostMode": "explicitArray",
    "explicitUnlockCosts": [
      2500000,
      150000000,
      9000000000,
      500000000000,
      2.5e+16,
      1.5e+18,
      9e+19,
      5e+21,
      3e+23,
      2.5e+29,
      1.5e+31,
      9e+32,
      5e+34,
      3e+36,
      2.5e+42,
      1.5000000000000001e+44,
      9.000000000000001e+45,
      5e+47,
      3e+49,
      2.4999999999999997e+55,
      1.5e+57,
      9e+58,
      5e+60,
      3e+62,
      2.5e+68,
      1.5e+70,
      9e+71,
      5e+73,
      3e+75
    ],
    "explicitUnlockCostsApplyToShafts": "shaft 2 through shaft 30, index = shaftNumber - 2",
    "notes": "Shaft 2-5 keep the delayed unlock costs that felt better. Shaft 6+ are grouped in blocks of 5 behind blockades. Use explicitUnlockCosts[shaftNumber - 2]."
  },
  "mineShaftProduction": {
    "mode": "groupedBlockFormula",
    "shaftBlockSize": 5,
    "withinBlockEffectiveMultipliers": [
      1,
      32,
      76.8,
      151.1424,
      297.4482432
    ],
    "productionBlockMultiplier": 180251198596082.34,
    "effectiveShaftMultipliers": [
      1.0,
      32.0,
      76.8,
      151.1424,
      297.4482432,
      180251198596082.34,
      5768038355074635.0,
      1.3843292052179124e+16,
      2.7243598758688516e+16,
      5.361540235709899e+16,
      3.249049459532432e+28,
      1.0396958270503782e+30,
      2.4952699849209076e+30,
      4.910691330324347e+30,
      9.664240538078313e+30,
      5.856450593786743e+42,
      1.8740641900117578e+44,
      4.497754056028219e+44,
      8.851579982263535e+44,
      1.7419909405094634e+45,
      1.0556322390487987e+57,
      3.378023164956156e+58,
      8.107255595894774e+58,
      1.5955079012720916e+59,
      3.139959549703476e+59,
      1.9027897636521207e+71,
      6.0889272436867864e+72,
      1.4613425384848287e+73,
      2.875922115738143e+73,
      5.659814723772665e+73
    ],
    "formula": "effectiveMultiplier = withinBlockEffectiveMultipliers[shaftIndex % 5] * productionBlockMultiplier ** floor(shaftIndex / 5)",
    "notes": "Shaft multipliers are no longer a simple previous-shaft chain. They are grouped into blocks of 5 so blockades can create large jumps without making every single early shaft absurd. The values are solved so all 30 shafts at level 800 produce about 0.85bg/s total, below the 1bg/s transport target."
  },
  "miner": {
    "startingLevel": 1,
    "startsActive": true,
    "baseOreProducedPerCycle": 20,
    "notes": "Prototype value. Official per-level production tables are not publicly available."
  },
  "elevator": {
    "startingLevel": 1,
    "maxLevel": 2400,
    "oreLoadCapacityPerTrip": 36,
    "notes": "Capacity value is a prototype value; max levels are public Kolibri support values."
  },
  "warehouse": {
    "startingLevel": 1,
    "maxLevel": 2400,
    "oreStorageCapacity": 1440,
    "baseOreSoldPerCycle": 39,
    "notes": "Capacity and sold-per-cycle are prototype values; max levels are public Kolibri support values."
  },
  "managerSystemUnlock": {
    "firstMineShaftLevel": 5
  },
  "normalManagerRanks": {
    "junior": {
      "activeDurationSeconds": 60,
      "cooldownSeconds": 300
    },
    "senior": {
      "activeDurationSeconds": 180,
      "cooldownSeconds": 900
    },
    "executive": {
      "activeDurationSeconds": 600,
      "cooldownSeconds": 3000
    }
  },
  "normalManagerEffects": {
    "mineShaft": {
      "walkingSpeedBoost": {
        "junior": 3.5,
        "senior": 5.5,
        "executive": 7.5
      },
      "upgradeCostReduction": {
        "junior": 0.6,
        "senior": 0.3,
        "executive": 0.2
      },
      "miningSpeedBoost": {
        "junior": 3,
        "senior": 5,
        "executive": 7
      }
    },
    "elevator": {
      "movementSpeedBoost": {
        "junior": 2,
        "senior": 4,
        "executive": 6
      },
      "upgradeCostReduction": {
        "junior": 0.6,
        "senior": 0.3,
        "executive": 0.2
      },
      "loadingSpeedBoost": {
        "junior": 2,
        "senior": 4,
        "executive": 6
      },
      "loadExpansion": {
        "junior": 3,
        "senior": 5,
        "executive": 7
      }
    },
    "warehouse": {
      "walkingSpeedBoost": {
        "junior": 3,
        "senior": 5,
        "executive": 7
      },
      "upgradeCostReduction": {
        "junior": 0.6,
        "senior": 0.3,
        "executive": 0.2
      },
      "loadingSpeedBoost": {
        "junior": 3,
        "senior": 5,
        "executive": 8
      },
      "loadExpansion": {
        "junior": 3,
        "senior": 5,
        "executive": 8
      }
    }
  },
  "managerPricing": {
    "notes": "Exact manager hiring cost formula is not publicly documented. Keep this as a tunable approximation.",
    "baseCostByArea": {
      "mineShaft": 100,
      "elevator": 150,
      "warehouse": 200
    },
    "hireCountMultiplierByArea": 1.85
  },
  "upgradeCosts": {
    "notes": "30-shaft rebalance. Mine 1 keeps baseUpgradeCostForLevel2=20. New shafts use grouped explicit upgrade multipliers. Older shafts are cheaper and give smaller steps; new shafts have expensive upgrades but much larger production jumps. Blockades separate every 5 shafts.",
    "mineShaft": {
      "baseUpgradeCostForLevel2": 20,
      "costGrowthMultiplierPerLevel": 1.092,
      "milestoneCostSpikeMultiplier": 3,
      "upgradeCostShaftMultiplierMode": "groupedExplicitArray",
      "withinBlockUpgradeCostMultipliers": [
        1,
        38,
        95,
        210,
        450
      ],
      "upgradeCostBlockMultiplier": 721004794384329.4,
      "explicitShaftUpgradeCostMultipliers": [
        1.0,
        38.0,
        95.0,
        210.0,
        450.0,
        721004794384329.4,
        2.7398182186604516e+16,
        6.849545546651129e+16,
        1.514110068207092e+17,
        3.244521574729482e+17,
        5.198479135251891e+29,
        1.9754220713957185e+31,
        4.938555178489297e+31,
        1.0916806184028971e+32,
        2.339315610863351e+32,
        3.7481283800235155e+44,
        1.4242887844089358e+46,
        3.5607219610223397e+46,
        7.871069598049383e+46,
        1.686657771010582e+47,
        2.7024185319649247e+59,
        1.0269190421466714e+61,
        2.5672976053666785e+61,
        5.675078917126343e+61,
        1.216088339384216e+62,
        1.9484567179797716e+74,
        7.404135528323133e+75,
        1.851033882080783e+76,
        4.0917591077575205e+76,
        8.768055230908972e+76
      ],
      "formula": "shaftCostMultiplier = withinBlockUpgradeCostMultipliers[shaftIndex % 5] * upgradeCostBlockMultiplier ** floor(shaftIndex / 5)",